Package,RelativePath,Sha256,Bytes,RequiredBy
/Game/00_Textures/02_Turbulence/Tur_C174,00_Textures/02_Turbulence/Tur_C174.uasset,6B323A2089ABEE9672D3F42F25CC8BDC05B9F70BF837741D5B54E270820B1BDA,231844,/Game/VFX/Monster/Fox/Particle/NS_Fox_Rush_01;/Game/VFX/Monster/Fox/Particle/NS_Fox_Rush_02;/Game/VFX/Monster/Fox/Particle/NS_Fox_Rush_04;/Game/VFX/Monster/Rabbit/Particle/NS_Rabbit_Attack_02;/Game/VFX/Monster/Rabbit/Particle/NS_Rabbit_BeAttacked_01;/Game/VFX/Monster/Rabbit/Particle/NS_Rabbit_Charging_01;/Game/VFX/People/Sword/Particle/NS_People_Sword_Attack_01;/Game/VFX/People/Sword/Particle/NS_Rabbit_BeAttacked_01
/Game/00_Textures/04_Mask/Mas_C034,00_Textures/04_Mask/Mas_C034.uasset,7472ABEAF9284758991F1CFF83A531CAF23214488E6B11FA4DC3ECC0FA43EAC1,7768,/Game/VFX/Monster/Fox/Particle/NS_Fox_Rush_01;/Game/VFX/Monster/Fox/Particle/NS_Fox_Rush_02;/Game/VFX/Monster/Fox/Particle/NS_Fox_Rush_04;/Game/VFX/Monster/Rabbit/Particle/NS_Rabbit_Attack_02;/Game/VFX/Monster/Rabbit/Particle/NS_Rabbit_BeAttacked_01;/Game/VFX/Monster/Rabbit/Particle/NS_Rabbit_Charging_01;/Game/VFX/People/Sword/Particle/NS_People_Sword_Attack_01;/Game/VFX/People/Sword/Particle/NS_Rabbit_BeAttacked_01
/Game/01_Textures/00_Glow/Glo_C178,01_Textures/00_Glow/Glo_C178.uasset,1A4F15CBC4655175ED21330EFB6C5ACD4272D1465322704636BE0AE0B3540437,19730,/Game/VFX/Monster/Rabbit/Particle/NS_Rabbit_Attack_02;/Game/VFX/Monster/Rabbit/Particle/NS_Rabbit_BeAttacked_01;/Game/VFX/Monster/Rabbit/Particle/NS_Rabbit_Charging_01;/Game/VFX/People/Sword/Particle/NS_Rabbit_BeAttacked_01
/Game/01_Textures/00_Glow/Glo_c002,01_Textures/00_Glow/Glo_c002.uasset,52085D83FFCF66764192D0320C9A65FF7E595FC1F1209259285C8E652F86FACB,38929,/Game/VFX/Monster/Rabbit/Particle/NS_Rabbit_Attack_02;/Game/VFX/Monster/Rabbit/Particle/NS_Rabbit_BeAttacked_01;/Game/VFX/Monster/Rabbit/Particle/NS_Rabbit_Charging_01;/Game/VFX/People/Sword/Particle/NS_Rabbit_BeAttacked_01
/Game/01_Textures/00_Glow/Glo_c003,01_Textures/00_Glow/Glo_c003.uasset,8040AF3655827907B39D8F0B826BBB376E5B7610D4BD02E3FF9B0A794CB86856,22275,/Game/VFX/Monster/Rabbit/Particle/NS_Rabbit_BeAttacked_01;/Game/VFX/People/Sword/Particle/NS_Rabbit_BeAttacked_01
/Game/01_Textures/00_Glow/Glo_c008,01_Textures/00_Glow/Glo_c008.uasset,8A50F6C3B053FACBBB99206AF94010D56C1555142A58B8623DB31499AE6B023B,56430,/Game/VFX/Monster/Rabbit/Particle/NS_Rabbit_BeAttacked_01;/Game/VFX/Monster/Rabbit/Particle/NS_Rabbit_Charging_01;/Game/VFX/People/Sword/Particle/NS_Rabbit_BeAttacked_01
/Game/01_Textures/00_Glow/Glo_c083,01_Textures/00_Glow/Glo_c083.uasset,42A4B53E9D98BCDFE832D40C7A9C2B4E57E45035082B603DA790E5AE0BC742FE,452248,/Game/VFX/Monster/Fox/Particle/NS_Fox_Rush_02;/Game/VFX/Monster/Rabbit/Particle/NS_Rabbit_Charging_01
/Game/01_Textures/02_Turbulence/Tur_C155,01_Textures/02_Turbulence/Tur_C155.uasset,CF5266521B95609D92F17489D3DCCD908AEB8B297F1D3743EC2CED59988EAFD3,24347,/Game/VFX/Monster/Fox/Particle/NS_Fox_Rush_02
/Game/01_Textures/02_Turbulence/Tur_C161,01_Textures/02_Turbulence/Tur_C161.uasset,3B47FBF0F7FCB5F236F6881ED8B1988070DCBE1C7F1A80829E5BB130F5AF642F,3280358,/Game/VFX/Monster/Fox/Particle/NS_Fox_Rush_02
/Game/01_Textures/02_Turbulence/Tur_C196,01_Textures/02_Turbulence/Tur_C196.uasset,479EB98D5BD99021B823B7CC1387E460BB7142C134365B3CCEFD1AB86FAE4C85,574857,/Game/VFX/Monster/Rabbit/Particle/NS_Rabbit_BeAttacked_01;/Game/VFX/Monster/Rabbit/Particle/NS_Rabbit_Charging_01;/Game/VFX/People/Sword/Particle/NS_Rabbit_BeAttacked_01
/Game/01_Textures/04_Mask/Mas_C007,01_Textures/04_Mask/Mas_C007.uasset,5048523BF5D5C8767DA159ED3048F3B91ADEE8B1060EBBC6AE8DD24F8ABFD3FD,11735,/Game/VFX/Monster/Fox/Particle/NS_Fox_Rush_02;/Game/VFX/Monster/Rabbit/Particle/NS_Rabbit_Charging_01
/Game/01_Textures/04_Mask/T_Mask20,01_Textures/04_Mask/T_Mask20.uasset,700E51269AE01AB4990735F14D9E4352DFBFB0BFB95F4F6081441ED487C959E2,205749,/Game/VFX/Monster/Rabbit/Particle/NS_Rabbit_BeAttacked_01;/Game/VFX/Monster/Rabbit/Particle/NS_Rabbit_Charging_01;/Game/VFX/People/Sword/Particle/NS_Rabbit_BeAttacked_01
/Game/01_Textures/04_Mask/T_MaskWave,01_Textures/04_Mask/T_MaskWave.uasset,849D8CAF2FCB834A299F76D6900E647F960A3C5AD6E7E43505E2402D10129078,92887,/Game/VFX/Monster/Rabbit/Particle/NS_Rabbit_BeAttacked_01;/Game/VFX/Monster/Rabbit/Particle/NS_Rabbit_Charging_01;/Game/VFX/People/Sword/Particle/NS_Rabbit_BeAttacked_01
/Game/01_Textures/05_Smoke/Smo_C015,01_Textures/05_Smoke/Smo_C015.uasset,4CC5F5427F23B9E8EAFF5E3B2886D3B353D56F522A536CAB4C1CE72112F9EF0C,20488,/Game/VFX/Monster/Fox/Particle/NS_Fox_Rush_04
/Game/01_Textures/18Tile/T_bubble02,01_Textures/18Tile/T_bubble02.uasset,C6FCDFD2E32147EBD42F5FE6DC7D076158FACACEE81F170A1BA880905B42125A,192898,/Game/VFX/Monster/Fox/Particle/NS_Fox_Rush_02
/Game/01_Textures/19moba/Glo_c130,01_Textures/19moba/Glo_c130.uasset,2E23F647C61ED8DCC84781BDC92B6FA583448BB1B1E0A0E22249D8B0434B47BB,15888,/Game/VFX/Monster/Rabbit/Particle/NS_Rabbit_Attack_02;/Game/VFX/Monster/Rabbit/Particle/NS_Rabbit_BeAttacked_01;/Game/VFX/Monster/Rabbit/Particle/NS_Rabbit_Charging_01;/Game/VFX/People/Sword/Particle/NS_Rabbit_BeAttacked_01
/Game/01_Textures/19moba/Glo_c155,01_Textures/19moba/Glo_c155.uasset,3ABF515096680F9404AED6D3D731F2CC2777A730AEAB1D255BC3B5D7502EB10F,27723,/Game/VFX/Monster/Rabbit/Particle/NS_Rabbit_BeAttacked_01;/Game/VFX/Monster/Rabbit/Particle/NS_Rabbit_Charging_01;/Game/VFX/People/Sword/Particle/NS_Rabbit_BeAttacked_01
/Game/Mat/BaseVFX003,Mat/BaseVFX003.uasset,426240760908E51D88F451488B314C6305DBC39D31B53D0306DFC0739DC7B85A,126846,/Game/VFX/Monster/Fox/Particle/NS_Fox_Rush_01;/Game/VFX/Monster/Fox/Particle/NS_Fox_Rush_02;/Game/VFX/Monster/Fox/Particle/NS_Fox_Rush_04;/Game/VFX/Monster/Rabbit/Particle/NS_Rabbit_Attack_02;/Game/VFX/Monster/Rabbit/Particle/NS_Rabbit_BeAttacked_01;/Game/VFX/Monster/Rabbit/Particle/NS_Rabbit_Charging_01;/Game/VFX/People/Sword/Particle/NS_People_Sword_Attack_01;/Game/VFX/People/Sword/Particle/NS_Rabbit_BeAttacked_01
/Game/Mat/Mas_C034,Mat/Mas_C034.uasset,00B5B5766DAAD5C8C4D7EA84C0193824FCAA36DD3DD0B51964914FDB1E512641,7736,/Game/VFX/Monster/Fox/Particle/NS_Fox_Rush_01;/Game/VFX/Monster/Fox/Particle/NS_Fox_Rush_02;/Game/VFX/Monster/Fox/Particle/NS_Fox_Rush_04;/Game/VFX/Monster/Rabbit/Particle/NS_Rabbit_Attack_02;/Game/VFX/Monster/Rabbit/Particle/NS_Rabbit_BeAttacked_01;/Game/VFX/Monster/Rabbit/Particle/NS_Rabbit_Charging_01;/Game/VFX/People/Sword/Particle/NS_People_Sword_Attack_01;/Game/VFX/People/Sword/Particle/NS_Rabbit_BeAttacked_01
/Game/Mat/Tur_C174,Mat/Tur_C174.uasset,087D8ED2661B4417C961E24266FDB881E4440FA281B16E5973AA7FA065D19087,231800,/Game/VFX/Monster/Fox/Particle/NS_Fox_Rush_01;/Game/VFX/Monster/Fox/Particle/NS_Fox_Rush_02;/Game/VFX/Monster/Fox/Particle/NS_Fox_Rush_04;/Game/VFX/Monster/Rabbit/Particle/NS_Rabbit_Attack_02;/Game/VFX/Monster/Rabbit/Particle/NS_Rabbit_BeAttacked_01;/Game/VFX/Monster/Rabbit/Particle/NS_Rabbit_Charging_01;/Game/VFX/People/Sword/Particle/NS_People_Sword_Attack_01;/Game/VFX/People/Sword/Particle/NS_Rabbit_BeAttacked_01
/Game/Mat/UVPanAndSpeed,Mat/UVPanAndSpeed.uasset,CE2D1DF8D0585FCA47C9F284D8283CD056127F9230AB9DDBD4AF6E40B4FFDA6A,20813,/Game/VFX/Monster/Fox/Particle/NS_Fox_Rush_01;/Game/VFX/Monster/Fox/Particle/NS_Fox_Rush_02;/Game/VFX/Monster/Fox/Particle/NS_Fox_Rush_04;/Game/VFX/Monster/Rabbit/Particle/NS_Rabbit_Attack_02;/Game/VFX/Monster/Rabbit/Particle/NS_Rabbit_BeAttacked_01;/Game/VFX/Monster/Rabbit/Particle/NS_Rabbit_Charging_01;/Game/VFX/People/Sword/Particle/NS_People_Sword_Attack_01;/Game/VFX/People/Sword/Particle/NS_Rabbit_BeAttacked_01
/Game/Mat/UVSpeed,Mat/UVSpeed.uasset,A7DA22A7FA3214D3516E5040E28D2465837A4C44DFC030A9BEA722C96983AFC3,16661,/Game/VFX/Monster/Fox/Particle/NS_Fox_Rush_01;/Game/VFX/Monster/Fox/Particle/NS_Fox_Rush_02;/Game/VFX/Monster/Fox/Particle/NS_Fox_Rush_04;/Game/VFX/Monster/Rabbit/Particle/NS_Rabbit_Attack_02;/Game/VFX/Monster/Rabbit/Particle/NS_Rabbit_BeAttacked_01;/Game/VFX/Monster/Rabbit/Particle/NS_Rabbit_Charging_01;/Game/VFX/People/Sword/Particle/NS_People_Sword_Attack_01;/Game/VFX/People/Sword/Particle/NS_Rabbit_BeAttacked_01
/Game/VFX/Monster/Fox/MI/BaseVFX003_Inst1,VFX/Monster/Fox/MI/BaseVFX003_Inst1.uasset,CEF7E1E6F03FD15720C1D2B81CD6A1B5440A9B84A348F286D97C81742BD67797,11243,/Game/VFX/Monster/Fox/Particle/NS_Fox_Rush_02
/Game/VFX/Monster/Fox/MI/BaseVFX003_Inst10,VFX/Monster/Fox/MI/BaseVFX003_Inst10.uasset,B2A4D1995FF1DADB65F3852F10468FF0BDEF8CAE4210138809CECA8E8AEB3CF7,9984,/Game/VFX/Monster/Fox/Particle/NS_Fox_Rush_01;/Game/VFX/Monster/Fox/Particle/NS_Fox_Rush_02
/Game/VFX/Monster/Fox/MI/BaseVFX003_Inst11,VFX/Monster/Fox/MI/BaseVFX003_Inst11.uasset,DCB7893D382EE166186CD26A89B36C58096AE5F7C2CA1E4DFA1992B7F5F15485,14623,/Game/VFX/Monster/Fox/Particle/NS_Fox_Rush_02
/Game/VFX/Monster/Fox/MI/BaseVFX003_Inst12,VFX/Monster/Fox/MI/BaseVFX003_Inst12.uasset,461B8E7314818BBC3F4EEBC8F162BC5FF6DDA24F7CF204E35601F07658794F03,10263,/Game/VFX/Monster/Fox/Particle/NS_Fox_Rush_01
/Game/VFX/Monster/Fox/MI/BaseVFX003_Inst13,VFX/Monster/Fox/MI/BaseVFX003_Inst13.uasset,6C29DD8F2F0D0B8DFCF124F3C1CB61D9F0864E47305E2B6222434EAA267640D5,10286,/Game/VFX/Monster/Fox/Particle/NS_Fox_Rush_01
/Game/VFX/Monster/Fox/MI/BaseVFX003_Inst2,VFX/Monster/Fox/MI/BaseVFX003_Inst2.uasset,653EC3513E0488FEF0FD999C4C1310A02D6FD7159DF9CA8BF7CD8390AEDF168D,13255,/Game/VFX/Monster/Fox/Particle/NS_Fox_Rush_04
/Game/VFX/Monster/Fox/MI/BaseVFX003_Inst3,VFX/Monster/Fox/MI/BaseVFX003_Inst3.uasset,A0CEECE118EFE4BED81885CE9B46DD808939293F65B645ED99C2693C0FBEF059,10161,/Game/VFX/Monster/Fox/Particle/NS_Fox_Rush_04
/Game/VFX/Monster/Fox/MI/BaseVFX003_Inst9,VFX/Monster/Fox/MI/BaseVFX003_Inst9.uasset,2F91919E5C8BABDBC187B7CF4D1D881C92DFE6369B318BE08D597A92154D07A1,10115,/Game/VFX/Monster/Fox/Particle/NS_Fox_Rush_02
/Game/VFX/Monster/Fox/Mesh/0814_01,VFX/Monster/Fox/Mesh/0814_01.uasset,0A1598912906B3492B656B3FE23EC4D29A53AA4AC16E5F0835870EC79538FAC0,75363,/Game/VFX/Monster/Fox/Particle/NS_Fox_Rush_01;/Game/VFX/Monster/Fox/Particle/NS_Fox_Rush_02
/Game/VFX/Monster/Fox/Particle/NS_Fox_Rush_01,VFX/Monster/Fox/Particle/NS_Fox_Rush_01.uasset,A63EF3D77397F160C40B1A6F4FC491E53126586EA6E114877AE95175A92FD7F8,564503,/Game/VFX/Monster/Fox/Particle/NS_Fox_Rush_01
/Game/VFX/Monster/Fox/Particle/NS_Fox_Rush_02,VFX/Monster/Fox/Particle/NS_Fox_Rush_02.uasset,BB2C2113491207E24EB61BF7ADB5FA0B1746FFA174CAE76538468F03D797598F,1320956,/Game/VFX/Monster/Fox/Particle/NS_Fox_Rush_02
/Game/VFX/Monster/Fox/Particle/NS_Fox_Rush_04,VFX/Monster/Fox/Particle/NS_Fox_Rush_04.uasset,A258B7DB1924D4E9D786CF6615050B0F3E6BAC500CED6811B9535FA2EE10A2C1,502707,/Game/VFX/Monster/Fox/Particle/NS_Fox_Rush_04
/Game/VFX/Monster/Fox/Tex/0814_01,VFX/Monster/Fox/Tex/0814_01.uasset,D7DA4CE75E5F615BFB76DE5C4AB0E3FA90AB6A09D19FE67A7A4A20D603D46444,48334,/Game/VFX/Monster/Fox/Particle/NS_Fox_Rush_02
/Game/VFX/Monster/Fox/Tex/0814_02,VFX/Monster/Fox/Tex/0814_02.uasset,CA101E14183FBFC5C6A38ED1F5A63F287BE45C5BF60D7C1BC3588A6853F69D1B,29293,/Game/VFX/Monster/Fox/Particle/NS_Fox_Rush_01;/Game/VFX/Monster/Fox/Particle/NS_Fox_Rush_02
/Game/VFX/Monster/Fox/Tex/0817_02,VFX/Monster/Fox/Tex/0817_02.uasset,24517806D5F59B928A9523B22F956CB44EB90D5FD4B45A5E2DF76374B0BB682A,97762,/Game/VFX/Monster/Fox/Particle/NS_Fox_Rush_02
/Game/VFX/Monster/Fox/Tex/0817_03,VFX/Monster/Fox/Tex/0817_03.uasset,B6AF99FE37172AD930D068FAC97BD2BB1D440904BD1532B988175DD005185E9A,84915,/Game/VFX/Monster/Fox/Particle/NS_Fox_Rush_04
/Game/VFX/Monster/Fox/Tex/0817_04,VFX/Monster/Fox/Tex/0817_04.uasset,29D709970D3819313188BBA3DA772574A818055EFE50B5E3EF8591F78C8D9FBB,59440,/Game/VFX/Monster/Fox/Particle/NS_Fox_Rush_01
/Game/VFX/Monster/Fox/Tex/0817_05,VFX/Monster/Fox/Tex/0817_05.uasset,083DB6CE956518D6ECA90C4EBA1103B0A1CA74CBE5970D33D98BB4B6D33C0C47,52308,/Game/VFX/Monster/Fox/Particle/NS_Fox_Rush_01
/Game/VFX/Monster/Rabbit/MI/BaseVFX003_Inst,VFX/Monster/Rabbit/MI/BaseVFX003_Inst.uasset,8A8D581A5DEB6A6AE984D51B41C91624296BCD40673F6D2AFBE3259BE6D9F98B,8867,/Game/VFX/Monster/Rabbit/Particle/NS_Rabbit_BeAttacked_01;/Game/VFX/Monster/Rabbit/Particle/NS_Rabbit_Charging_01;/Game/VFX/People/Sword/Particle/NS_Rabbit_BeAttacked_01
/Game/VFX/Monster/Rabbit/MI/BaseVFX003_Inst1,VFX/Monster/Rabbit/MI/BaseVFX003_Inst1.uasset,DBD39B5611FBC4A762937513A4B9F869E8F3568DE6DD640C0B8280DE63A94273,8564,/Game/VFX/Monster/Rabbit/Particle/NS_Rabbit_Attack_02;/Game/VFX/Monster/Rabbit/Particle/NS_Rabbit_BeAttacked_01;/Game/VFX/Monster/Rabbit/Particle/NS_Rabbit_Charging_01;/Game/VFX/People/Sword/Particle/NS_Rabbit_BeAttacked_01
/Game/VFX/Monster/Rabbit/MI/BaseVFX003_Inst10,VFX/Monster/Rabbit/MI/BaseVFX003_Inst10.uasset,B92B177AC1498CA2FCED2B2D12167071C1B705DF8BC29B18C2D70FF96180C883,9219,/Game/VFX/People/Sword/Particle/NS_Rabbit_BeAttacked_01
/Game/VFX/Monster/Rabbit/MI/BaseVFX003_Inst11,VFX/Monster/Rabbit/MI/BaseVFX003_Inst11.uasset,115F70743EBDF4CE1DE832F8A27AA296455E1415DBEE6A452748CB7A6DE57350,16931,/Game/VFX/Monster/Fox/Particle/NS_Fox_Rush_02
/Game/VFX/Monster/Rabbit/MI/BaseVFX003_Inst12,VFX/Monster/Rabbit/MI/BaseVFX003_Inst12.uasset,C0D03BB516EC2DAD8C31F5731EB9379A7A25FC58D9C19F910DA9B375053CA8BC,9404,/Game/VFX/Monster/Rabbit/Particle/NS_Rabbit_Attack_02
/Game/VFX/Monster/Rabbit/MI/BaseVFX003_Inst13,VFX/Monster/Rabbit/MI/BaseVFX003_Inst13.uasset,D4F7EDA75129A1F5855944A3ABD93D02E330324A4842719DB7333EED6F3F944E,9383,/Game/VFX/Monster/Rabbit/Particle/NS_Rabbit_Charging_01
/Game/VFX/Monster/Rabbit/MI/BaseVFX003_Inst14,VFX/Monster/Rabbit/MI/BaseVFX003_Inst14.uasset,28050787DC46BEE67AE00C63B831C35847E25D81E3DCF42F69516CFA0EB422A4,9888,/Game/VFX/Monster/Rabbit/Particle/NS_Rabbit_BeAttacked_01;/Game/VFX/Monster/Rabbit/Particle/NS_Rabbit_Charging_01
/Game/VFX/Monster/Rabbit/MI/BaseVFX003_Inst15,VFX/Monster/Rabbit/MI/BaseVFX003_Inst15.uasset,BA706D681496175E157AC405C8F7628F8BF7AF2EA7D24F01E45203D6E63162D5,16658,/Game/VFX/Monster/Rabbit/Particle/NS_Rabbit_Charging_01
/Game/VFX/Monster/Rabbit/MI/BaseVFX003_Inst16,VFX/Monster/Rabbit/MI/BaseVFX003_Inst16.uasset,C04D984DA6CCDBABB06EA4B790C2681303D3E899C11BE2FF004948575248DC4C,10057,/Game/VFX/Monster/Rabbit/Particle/NS_Rabbit_BeAttacked_01
/Game/VFX/Monster/Rabbit/MI/BaseVFX003_Inst17,VFX/Monster/Rabbit/MI/BaseVFX003_Inst17.uasset,42410E376AB9FE4E3766D5B789EFAC3C15475EA203FDB656068023BEF3AB5891,8697,/Game/VFX/Monster/Rabbit/Particle/NS_Rabbit_BeAttacked_01
/Game/VFX/Monster/Rabbit/MI/BaseVFX003_Inst18,VFX/Monster/Rabbit/MI/BaseVFX003_Inst18.uasset,2C6ED84FF312C27CE0865A0FCEFD6CE39883510091310B566F813CBCF05FA9D1,10223,/Game/VFX/Monster/Fox/Particle/NS_Fox_Rush_02
/Game/VFX/Monster/Rabbit/MI/BaseVFX003_Inst2,VFX/Monster/Rabbit/MI/BaseVFX003_Inst2.uasset,2FC92B0F74D40FF320A25C79857DCBEEEDAF01E4CDA950AE20C7E1DBE4E2EDCC,9902,/Game/VFX/Monster/Rabbit/Particle/NS_Rabbit_Attack_02;/Game/VFX/Monster/Rabbit/Particle/NS_Rabbit_BeAttacked_01;/Game/VFX/Monster/Rabbit/Particle/NS_Rabbit_Charging_01;/Game/VFX/People/Sword/Particle/NS_Rabbit_BeAttacked_01
/Game/VFX/Monster/Rabbit/MI/BaseVFX003_Inst3,VFX/Monster/Rabbit/MI/BaseVFX003_Inst3.uasset,6B6DC505C33DA29F5A77261F0701C91940BBB4E95349B712D3C0CBF8338D93A2,8568,/Game/VFX/Monster/Rabbit/Particle/NS_Rabbit_Attack_02;/Game/VFX/Monster/Rabbit/Particle/NS_Rabbit_BeAttacked_01;/Game/VFX/Monster/Rabbit/Particle/NS_Rabbit_Charging_01;/Game/VFX/People/Sword/Particle/NS_Rabbit_BeAttacked_01
/Game/VFX/Monster/Rabbit/MI/BaseVFX003_Inst4,VFX/Monster/Rabbit/MI/BaseVFX003_Inst4.uasset,FFD9F723283308669922562A2FB04CC3ACD0C0372B55C3196C7937F13A7D474B,8827,/Game/VFX/Monster/Fox/Particle/NS_Fox_Rush_02;/Game/VFX/Monster/Rabbit/Particle/NS_Rabbit_Charging_01
/Game/VFX/Monster/Rabbit/MI/BaseVFX003_Inst5,VFX/Monster/Rabbit/MI/BaseVFX003_Inst5.uasset,7C158CBBAC79B46CD8A666D9ACF164363CF24F736AE84252E7E221448D9E3FA2,11827,/Game/VFX/Monster/Rabbit/Particle/NS_Rabbit_BeAttacked_01;/Game/VFX/Monster/Rabbit/Particle/NS_Rabbit_Charging_01;/Game/VFX/People/Sword/Particle/NS_Rabbit_BeAttacked_01
/Game/VFX/Monster/Rabbit/MI/BaseVFX003_Inst6,VFX/Monster/Rabbit/MI/BaseVFX003_Inst6.uasset,6397AD5EEF1DEF365774B8538F3B85E042DB912C86D2E46D941CDA34D844C909,8831,/Game/VFX/Monster/Fox/Particle/NS_Fox_Rush_02;/Game/VFX/Monster/Rabbit/Particle/NS_Rabbit_BeAttacked_01;/Game/VFX/People/Sword/Particle/NS_Rabbit_BeAttacked_01
/Game/VFX/Monster/Rabbit/MI/BaseVFX003_Inst7,VFX/Monster/Rabbit/MI/BaseVFX003_Inst7.uasset,CFCC71AF795393636C46EDBF0871C3B465794CC1822B6F5DF95B44CDDA7F137B,15744,/Game/VFX/Monster/Rabbit/Particle/NS_Rabbit_BeAttacked_01;/Game/VFX/Monster/Rabbit/Particle/NS_Rabbit_Charging_01;/Game/VFX/People/Sword/Particle/NS_Rabbit_BeAttacked_01
/Game/VFX/Monster/Rabbit/MI/BaseVFX003_Inst8,VFX/Monster/Rabbit/MI/BaseVFX003_Inst8.uasset,E9C887BF2B2A9CF3D5CE248EF988092A9693BD9EF7994B6983300714EB43BB64,11222,/Game/VFX/Monster/Rabbit/Particle/NS_Rabbit_BeAttacked_01;/Game/VFX/People/Sword/Particle/NS_Rabbit_BeAttacked_01
/Game/VFX/Monster/Rabbit/Mesh/0813_01,VFX/Monster/Rabbit/Mesh/0813_01.uasset,F0FD59FADBAEA457487EE6724033BE8AF3425B19D83F03DE1C5F85ACAB19CB89,81472,/Game/VFX/Monster/Fox/Particle/NS_Fox_Rush_02;/Game/VFX/Monster/Rabbit/Particle/NS_Rabbit_BeAttacked_01;/Game/VFX/Monster/Rabbit/Particle/NS_Rabbit_Charging_01;/Game/VFX/People/Sword/Particle/NS_Rabbit_BeAttacked_01
/Game/VFX/Monster/Rabbit/Particle/NS_Rabbit_Attack_02,VFX/Monster/Rabbit/Particle/NS_Rabbit_Attack_02.uasset,28B88927F9C0D9E47200BF17C03FB788F52293B911BEE4B8CE4A401D6E6EE153,1312661,/Game/VFX/Monster/Rabbit/Particle/NS_Rabbit_Attack_02
/Game/VFX/Monster/Rabbit/Particle/NS_Rabbit_BeAttacked_01,VFX/Monster/Rabbit/Particle/NS_Rabbit_BeAttacked_01.uasset,EFFE351C6FB8686F858AC0450B1F41C1D9648C394FD575D257D9AAE7DC84578C,1757648,/Game/VFX/Monster/Rabbit/Particle/NS_Rabbit_BeAttacked_01
/Game/VFX/Monster/Rabbit/Particle/NS_Rabbit_Charging_01,VFX/Monster/Rabbit/Particle/NS_Rabbit_Charging_01.uasset,77A76709A61FB7651C1E1D8DB99DEE55F8EA3AC2715237E9967C95016356ADCF,1769116,/Game/VFX/Monster/Rabbit/Particle/NS_Rabbit_Charging_01
/Game/VFX/Monster/Rabbit/Tex/0813_01,VFX/Monster/Rabbit/Tex/0813_01.uasset,E1DE67C321D0ECB6E2B7189C8A06293FCA5A8B700FAA80CF35C26476BE9DB5E5,24539,/Game/VFX/Monster/Rabbit/Particle/NS_Rabbit_BeAttacked_01
/Game/VFX/Monster/Rabbit/Tex/0814_04,VFX/Monster/Rabbit/Tex/0814_04.uasset,6AED2A26EBDBB176BF23FE8B578A0F0A1711735053C34902CEB16F12E838CBDC,25801,/Game/VFX/Monster/Rabbit/Particle/NS_Rabbit_Attack_02
/Game/VFX/Monster/Rabbit/Tex/0814_05,VFX/Monster/Rabbit/Tex/0814_05.uasset,8BD3175B44B8851A110EA06B731256A5280A112F0BA54E0820358DECED6DCCD3,36741,/Game/VFX/Monster/Rabbit/Particle/NS_Rabbit_Charging_01
/Game/VFX/Monster/Rabbit/Tex/0814_06,VFX/Monster/Rabbit/Tex/0814_06.uasset,B1CBA22F1E9F4C6D284B6125317AA8FE35D901F64BC40FA79D91D4E8D723AB07,31671,/Game/VFX/Monster/Fox/Particle/NS_Fox_Rush_02;/Game/VFX/Monster/Rabbit/Particle/NS_Rabbit_BeAttacked_01;/Game/VFX/Monster/Rabbit/Particle/NS_Rabbit_Charging_01
/Game/VFX/Monster/Rabbit/Tex/0814_07,VFX/Monster/Rabbit/Tex/0814_07.uasset,F6FC31F464F2F79BFCCD386BBAA2603E75E605632CE0F57CBF537F054D2B527B,39405,/Game/VFX/Monster/Rabbit/Particle/NS_Rabbit_BeAttacked_01
/Game/VFX/Monster/Rabbit/Tex/image__23_,VFX/Monster/Rabbit/Tex/image__23_.uasset,94BDDF3FDFA77470F61A4F08BF4AACD0EBABED104C1C55A1F58EDE8008166500,784616,/Game/VFX/Monster/Fox/Particle/NS_Fox_Rush_02;/Game/VFX/Monster/Rabbit/Particle/NS_Rabbit_BeAttacked_01;/Game/VFX/People/Sword/Particle/NS_Rabbit_BeAttacked_01
/Game/VFX/People/Sword/MI/BaseVFX003_Inst,VFX/People/Sword/MI/BaseVFX003_Inst.uasset,C8844538BF80EB21F2EB8E14E3B3D83AA30FB2CAC3B8B0BAE946C1692B5415AD,12575,/Game/VFX/People/Sword/Particle/NS_People_Sword_Attack_01
/Game/VFX/People/Sword/MI/BaseVFX003_Inst1,VFX/People/Sword/MI/BaseVFX003_Inst1.uasset,588081DDB800B6103AD572085F8EC040E266ECCDFDC7BA56592B89CFCC6798C0,12637,/Game/VFX/People/Sword/Particle/NS_People_Sword_Attack_01
/Game/VFX/People/Sword/MI/BaseVFX003_Inst10,VFX/People/Sword/MI/BaseVFX003_Inst10.uasset,78843F66F4F169237EC45DAE7D3E4C74009DFAF0B79AEC9CD7CCB8719DD3C0BD,10078,/Game/VFX/Monster/Rabbit/Particle/NS_Rabbit_BeAttacked_01
/Game/VFX/People/Sword/MI/BaseVFX003_Inst2,VFX/People/Sword/MI/BaseVFX003_Inst2.uasset,26FDE8159DC6B07E47C2DD739668721FA2F40CF7D54DEC56AA871F1044C70EDE,13570,/Game/VFX/People/Sword/Particle/NS_People_Sword_Attack_01
/Game/VFX/People/Sword/MI/BaseVFX003_Inst9,VFX/People/Sword/MI/BaseVFX003_Inst9.uasset,189A9EAC95274ED56BB28ACDA6A7C079B93BAC65F48A717662F717A93305034E,9937,/Game/VFX/People/Sword/Particle/NS_Rabbit_BeAttacked_01
/Game/VFX/People/Sword/Mesh/0811_01,VFX/People/Sword/Mesh/0811_01.uasset,D09FB09B356F73FBA185B19EC4D4D809038450C5D9EF512DAE9DE975EEF1D3FF,88536,/Game/VFX/People/Sword/Particle/NS_People_Sword_Attack_01
/Game/VFX/People/Sword/Mesh/22222222222222,VFX/People/Sword/Mesh/22222222222222.uasset,C4DF5B2581AC33B0B5FE5D80A884CDF918F0CEE2266447D28BCB0B120F9D8FCF,64691,/Game/VFX/People/Sword/Particle/NS_People_Sword_Attack_01
/Game/VFX/People/Sword/Mesh/Material__25,VFX/People/Sword/Mesh/Material__25.uasset,C3E4645D79284CFD925D357FE0970B631C787CA98B3869D6FD7BEC03424E787E,67152,/Game/VFX/People/Sword/Particle/NS_People_Sword_Attack_01
/Game/VFX/People/Sword/Particle/NS_People_Sword_Attack_01,VFX/People/Sword/Particle/NS_People_Sword_Attack_01.uasset,C5B05AA31342F71E8C5786715628C6CD2489D24C1338599E44371E935CC59FE0,724477,/Game/VFX/People/Sword/Particle/NS_People_Sword_Attack_01
/Game/VFX/People/Sword/Particle/NS_Rabbit_BeAttacked_01,VFX/People/Sword/Particle/NS_Rabbit_BeAttacked_01.uasset,3DA0BE7CF4039C12AB6F35125B9BC31FBF6380FE99365977A3ECBD77F34712F0,1792020,/Game/VFX/People/Sword/Particle/NS_Rabbit_BeAttacked_01
/Game/VFX/People/Sword/Tex/03,VFX/People/Sword/Tex/03.uasset,C69F541660ED075B9386C55F4395ED6A6A1304D73B5901612C4ADC53BF20CE52,107908,/Game/VFX/People/Sword/Particle/NS_People_Sword_Attack_01
/Game/VFX/People/Sword/Tex/07,VFX/People/Sword/Tex/07.uasset,E5DE39399DC2CB1A136BEB998E813A37B5734A89A9D1F6AFB9F7D7257E5216EF,25058,/Game/VFX/People/Sword/Particle/NS_People_Sword_Attack_01
/Game/VFX/People/Sword/Tex/0813_04,VFX/People/Sword/Tex/0813_04.uasset,5B2211F5051B9DEEA0DAAA1316E3992B22459CDD2CDB29DCC5D5ACFAC464B2D7,58790,/Game/VFX/People/Sword/Particle/NS_People_Sword_Attack_01
/Game/VFX/People/Sword/Tex/0813_06,VFX/People/Sword/Tex/0813_06.uasset,A745E3B9D8E01004A35A78960835F9DB5D8A05B76A7781DF71179BF8E3CE0304,39314,/Game/VFX/People/Sword/Particle/NS_Rabbit_BeAttacked_01
/Game/VFX/People/Sword/Tex/0813_07,VFX/People/Sword/Tex/0813_07.uasset,11FB4B47760026B69F1DD4C8E9308DC22B71FB7B368D9454214AE11E220AF131,28699,/Game/VFX/People/Sword/Particle/NS_Rabbit_BeAttacked_01
/Game/VFX/People/Sword/Tex/10,VFX/People/Sword/Tex/10.uasset,7D4151DE9F26A062B2E7FD48ADC3A77270C4A8B7F205BB1138BD67186E8964DB,22603,/Game/VFX/People/Sword/Particle/NS_People_Sword_Attack_01
