Id,SourceWorkbookId,DisplayName,Description,Enabled,DisabledReason,RoleId,PromotionPriority,DefaultWeaponId,AppearanceId,PassiveBehaviorId,PassiveValue,HpMax,PhysicalAttack,ElementalAttack,AttackSpeed,MovementSpeed,CriticalRate,CriticalEffect,EchoEfficiency,ReactionEfficiency,EverySecondAttackBonus,RandomElementProjectiles
J_CAT,RuntimeOnly.J_CAT,默认旅人,默认旅人,true,,None,99,W_J_02,J_CAT,None,0,15,5,5,1,1,0.2,0.5,0.5,1,0,false
J_DIAMOND,J_02,猎手,"角色基础属性：生命值：12
物理攻击力：8
元素攻击力：2
基础武器：羽翼弓
角色能力：获得20%暴击率和50%暴击效果",true,,Hunter,1,W_J_02,J_DIAMOND,None,0,12,8,2,1,1,0.4,1.0,0.5,1,0,false
J_CLOVER,J_03,诗人,"角色基础属性：生命值：8
物理攻击力：2
元素攻击力：10
基础武器：竖琴
角色能力：每次战斗结束后，元素反应效能增加5%",true,,Poet,2,W_J_03,J_CLOVER,Character.PoetReactionGrowth,0.05,8,2,10,1,1,0.2,0.5,0.5,1,0,true
J_HEART,J_04,勇者,"角色基础属性：生命值：20
物理攻击力：2
元素攻击力：2
基础武器：镐形镰刀
角色能力：每次战斗结束后，可以选择进行1次锻炼：
轻度锻炼：选择 生命值+2/物理攻击力+1/元素攻击力+1
中度锻炼：选择 物理攻击力+2，生命值-2/元素攻击力+2，生命值-2
极限锻炼：物理攻击力&元素攻击力+2，生命值-6",true,,Brave,3,W_J_04,J_HEART,Character.BraveForge,0,20,2,2,1,1,0.2,0.5,0.5,1,0.5,false
J_SPADE,J_01,智者,"角色基础属性：生命值：15
物理攻击力：5
元素攻击力：5
基础武器：手杖
角色能力：每第4次选择卡牌，可以额外选择1张",true,,Sage,4,W_J_01,J_SPADE,Character.SageBonusChoice,4,15,5,5,1,1,0.2,0.5,0.5,1,0,false
