Id,DisplayName,Description,BaseAttackPatternId,SlotProfileId,BaseIntervalSeconds,BaseRangeCm,BaseArcDegrees,BaseProjectileCount,BaseConcentrationDegrees,BaseExplosionRadiusCm,ChainWindowSeconds,Enabled,SourceSheet,SourceRow,DisabledReason
LongSword,长剑,"攻击模组：【二段攻击】
一段：从左往右挥剑
攻击时长：1s
伤害倍率：100% 元攻/物攻
二段：从右往左挥剑
攻击时长：1s
伤害倍率：100% 元攻/物攻
初始属性：近战武器攻击角度：180°
攻击范围：4m
连贯攻击阈值：0.8s
武器介绍：——剑锋交错往复，以沉稳的力量扫清前路。
挥剑攻击正面的所有敌人，造成较多伤害，攻击范围较远",Pattern.LongSwordCombo,SP_LONGSWORD,1,400,180,0,0,0,0.8,true,武器体系W,2,
Scythe,镰刀,"攻击模组：攻击时长：0.7s
伤害倍率：60% 元攻/物攻

距离中心外50%范围的敌人会额外受到40% 元攻/物攻伤害
初始属性：近战武器攻击角度：360°
攻击范围：2.5m
连贯攻击阈值：0s
武器介绍：——镰刃环身而舞，弧光舒展之处，锋芒正盛。
挥动镰刀，攻击身边所有的敌人，造成中等伤害，攻击范围较近",Pattern.ScytheSweep,SP_SCYTHE,0.7,250,360,0,0,0,0,true,武器体系W,3,
Bow,弓,"攻击模组：攻击时长：1s
伤害倍率：100% 元攻/物攻
初始属性：弹道数量：1
攻击范围：10m
武器集中度：0°
武器介绍：——弦响虽迟，离弦之箭却足以贯穿远方的噩梦。
射速较慢，但单发伤害较高",Pattern.BowShot,SP_BOW,1,1000,0,1,0,0,0,true,武器体系W,4,
Gun,枪,"攻击模组：攻击时长：0.4s
伤害倍率：40% 元攻/物攻
初始属性：弹道数量：1
攻击范围：15m
武器集中度：0°
武器介绍：——枪火追逐倒流的刻度，以疾风骤雨撕碎漫漫长夜。
射速较快，但单发伤害较低",Pattern.GunShot,SP_GUN,0.4,1500,0,1,0,0,0,true,武器体系W,5,
